,node_number,named_selection,x_loc,y_loc,z_loc,x_disp,y_disp,z_disp,x_force,y_force,z_force
0,1,-1,0.071684,-0.8823700000000001,0.0,0.0,0.0,0.0,0.0,0.0,0.0
1,2,-1,0.0,0.0,0.0,0.0,0.0,0.0,0.0,0.0,0.0
2,3,-1,0.06762,-0.83234,0.0,0.0,0.0,0.0,0.0,0.0,0.0
3,4,-1,0.063555,-0.7823,0.0,0.0,0.0,0.0,0.0,0.0,0.0
4,5,-1,0.059489999999999994,-0.73227,0.0,0.0,0.0,0.0,0.0,0.0,0.0
5,6,-1,0.055425999999999996,-0.68224,0.0,0.0,0.0,0.0,0.0,0.0,0.0
6,7,-1,0.051361000000000004,-0.63221,0.0,0.0,0.0,0.0,0.0,0.0,0.0
7,8,-1,0.047296,-0.58217,0.0,0.0,0.0,0.0,0.0,0.0,0.0
8,9,-1,0.043095999999999995,-0.53047,0.0,0.0,0.0,0.0,0.0,0.0,0.0
9,10,-1,0.038478,-0.47362,0.0,0.0,0.0,0.0,0.0,0.0,0.0
10,11,-1,0.033149,-0.40803,0.0,0.0,0.0,0.0,0.0,0.0,0.0
11,12,7,0.028549,-0.35141,0.0,-0.00093215486480201,-0.000955202586628739,0.0,0.0,0.0,0.0
12,13,7,0.024357,-0.29980999999999997,0.0,-0.00093215486480201,-0.000955202586628739,0.0,0.0,0.0,0.0
13,14,7,0.020291999999999998,-0.24978000000000003,0.0,-0.00093215486480201,-0.000955202586628739,0.0,0.0,0.0,0.0
14,15,7,0.016228,-0.19975,0.0,-0.00093215486480201,-0.000955202586628739,0.0,0.0,0.0,0.0
15,16,7,0.012163,-0.14970999999999998,0.0,-0.00093215486480201,-0.000955202586628739,0.0,0.0,0.0,0.0
16,17,-1,0.008098300000000001,-0.099682,0.0,0.0,0.0,0.0,0.0,0.0,0.0
17,18,-1,0.0040336,-0.04965,0.0,0.0,0.0,0.0,0.0,0.0,0.0
18,19,10,-1.0067,-0.1043,0.0,0.0,0.0,0.0,119.04607313692301,121.85445885163901,0.0
19,20,-1,-0.048729,-0.0050484,0.0,0.0,0.0,0.0,0.0,0.0,0.0
20,21,-1,-0.097458,-0.010097,0.0,0.0,0.0,0.0,0.0,0.0,0.0
21,22,-1,-0.14619000000000001,-0.015144999999999999,0.0,0.0,0.0,0.0,0.0,0.0,0.0
22,23,-1,-0.19492,-0.020194,0.0,0.0,0.0,0.0,0.0,0.0,0.0
23,24,-1,-0.24364,-0.025241999999999997,0.0,0.0,0.0,0.0,0.0,0.0,0.0
24,25,-1,-0.29236999999999996,-0.030291000000000002,0.0,0.0,0.0,0.0,0.0,0.0,0.0
25,26,-1,-0.34171999999999997,-0.035403,0.0,0.0,0.0,0.0,0.0,0.0,0.0
26,27,-1,-0.39931,-0.04137,0.0,0.0,0.0,0.0,0.0,0.0,0.0
27,28,-1,-0.46943,-0.048634,0.0,0.0,0.0,0.0,0.0,0.0,0.0
28,29,-1,-0.54238,-0.056192,0.0,0.0,0.0,0.0,0.0,0.0,0.0
29,30,-1,-0.6083,-0.06302200000000001,0.0,0.0,0.0,0.0,0.0,0.0,0.0
30,31,-1,-0.6652399999999999,-0.06892100000000001,0.0,0.0,0.0,0.0,0.0,0.0,0.0
31,32,-1,-0.71445,-0.074018,0.0,0.0,0.0,0.0,0.0,0.0,0.0
32,33,-1,-0.76317,-0.079067,0.0,0.0,0.0,0.0,0.0,0.0,0.0
33,34,-1,-0.8119,-0.084115,0.0,0.0,0.0,0.0,0.0,0.0,0.0
34,35,-1,-0.8606299999999999,-0.089164,0.0,0.0,0.0,0.0,0.0,0.0,0.0
35,36,-1,-0.9093600000000001,-0.094212,0.0,0.0,0.0,0.0,0.0,0.0,0.0
36,37,11,-0.95809,-0.099261,0.0,0.0,0.0,0.0,165.698447240186,-180.861165769649,0.0
37,38,10,-0.96703,-0.13292,0.0,0.0,0.0,0.0,119.04607313692301,121.85445885163901,0.0
38,39,10,-0.9273600000000001,-0.16154000000000002,0.0,0.0,0.0,0.0,119.04607313692301,121.85445885163901,0.0
39,40,11,-0.88769,-0.19016,0.0,0.0,0.0,0.0,165.698447240186,-180.861165769649,0.0
40,41,11,-0.8480200000000001,-0.21878000000000003,0.0,0.0,0.0,0.0,165.698447240186,-180.861165769649,0.0
41,42,-1,-0.80835,-0.24741,0.0,0.0,0.0,0.0,0.0,0.0,0.0
42,43,-1,-0.76868,-0.27603,0.0,0.0,0.0,0.0,0.0,0.0,0.0
43,44,-1,-0.72837,-0.30511,0.0,0.0,0.0,0.0,0.0,0.0,0.0
44,45,9,-0.68165,-0.33881999999999995,0.0,0.0009750624154758321,0.000460368490910604,0.0,0.0,0.0,0.0
45,46,9,-0.62632,-0.37875,0.0,0.0009750624154758321,0.000460368490910604,0.0,0.0,0.0,0.0
46,47,5,-0.56302,-0.42441999999999996,0.0,-0.00134321919278622,0.00148690363102439,0.0,0.0,0.0,0.0
47,48,4,-0.4968,-0.47218999999999994,0.0,-0.000854982520816025,-0.000802497154394721,0.0,0.0,0.0,0.0
48,49,6,-0.43054,-0.5200100000000001,0.0,1.61065557389452e-06,-0.00178967281376965,0.0,0.0,0.0,0.0
49,50,-1,-0.36529,-0.56708,0.0,0.0,0.0,0.0,0.0,0.0,0.0
50,51,-1,-0.30299,-0.6120399999999999,0.0,0.0,0.0,0.0,0.0,0.0,0.0
51,52,2,-0.25037,-0.65,0.0,-0.0009484985046089741,-0.000499576119141053,0.0,0.0,0.0,0.0
52,53,2,-0.20642,-0.68171,0.0,-0.0009484985046089741,-0.000499576119141053,0.0,0.0,0.0,0.0
53,54,1,-0.16635,-0.71063,0.0,-4.25295022099276e-06,-0.0020501704771203,0.0,0.0,0.0,0.0
54,55,1,-0.12668,-0.73925,0.0,-4.25295022099276e-06,-0.0020501704771203,0.0,0.0,0.0,0.0
55,56,1,-0.087007,-0.7678699999999999,0.0,-4.25295022099276e-06,-0.0020501704771203,0.0,0.0,0.0,0.0
56,57,1,-0.047338,-0.7964899999999999,0.0,-4.25295022099276e-06,-0.0020501704771203,0.0,0.0,0.0,0.0
57,58,1,-0.0076688,-0.82511,0.0,-4.25295022099276e-06,-0.0020501704771203,0.0,0.0,0.0,0.0
58,59,-1,0.032,-0.8537399999999999,0.0,0.0,0.0,0.0,0.0,0.0,0.0
59,60,8,-0.264,-0.27089,0.0,3.8922109488402e-05,-0.00100848181405855,0.0,0.0,0.0,0.0
60,61,3,-0.28715,-0.3031,0.0,0.0011140816201459,0.00382515863414693,0.0,0.0,0.0,0.0
61,62,3,-0.23742,-0.33741,0.0,0.0011140816201459,0.00382515863414693,0.0,0.0,0.0,0.0
62,63,-1,-0.18985,-0.36473,0.0,0.0,0.0,0.0,0.0,0.0,0.0
63,64,8,-0.27808,-0.22873000000000002,0.0,3.8922109488402e-05,-0.00100848181405855,0.0,0.0,0.0,0.0
64,65,-1,-0.18178,-0.26687,0.0,0.0,0.0,0.0,0.0,0.0,0.0
65,66,3,-0.32028,-0.34983000000000003,0.0,0.0011140816201459,0.00382515863414693,0.0,0.0,0.0,0.0
66,67,8,-0.32229,-0.25868,0.0,3.8922109488402e-05,-0.00100848181405855,0.0,0.0,0.0,0.0
67,68,8,-0.22899,-0.22069,0.0,3.8922109488402e-05,-0.00100848181405855,0.0,0.0,0.0,0.0
68,69,-1,-0.18105,-0.21709,0.0,0.0,0.0,0.0,0.0,0.0,0.0
69,70,-1,-0.16773,-0.50416,0.0,0.0,0.0,0.0,0.0,0.0,0.0
70,71,3,-0.26444,-0.39274000000000003,0.0,0.0011140816201459,0.00382515863414693,0.0,0.0,0.0,0.0
71,72,-1,-0.1163,-0.54374,0.0,0.0,0.0,0.0,0.0,0.0,0.0
72,73,3,-0.3665,-0.29261,0.0,0.0011140816201459,0.00382515863414693,0.0,0.0,0.0,0.0
73,74,-1,-0.18556,-0.16810999999999998,0.0,0.0,0.0,0.0,0.0,0.0,0.0
74,75,-1,-0.066138,-0.63361,0.0,0.0,0.0,0.0,0.0,0.0,0.0
75,76,-1,-0.13082,-0.26389,0.0,0.0,0.0,0.0,0.0,0.0,0.0
76,77,-1,-0.1316,-0.3161,0.0,0.0,0.0,0.0,0.0,0.0,0.0
77,78,-1,-0.13681,-0.37127,0.0,0.0,0.0,0.0,0.0,0.0,0.0
78,79,-1,-0.12224000000000002,-0.47644,0.0,0.0,0.0,0.0,0.0,0.0,0.0
79,80,-1,-0.08820599999999999,-0.59173,0.0,0.0,0.0,0.0,0.0,0.0,0.0
80,81,-1,-0.46875,-0.27981999999999996,0.0,0.0,0.0,0.0,0.0,0.0,0.0
81,82,8,-0.39748,-0.23563,0.0,3.8922109488402e-05,-0.00100848181405855,0.0,0.0,0.0,0.0
82,83,8,-0.34092,-0.20658,0.0,3.8922109488402e-05,-0.00100848181405855,0.0,0.0,0.0,0.0
83,84,8,-0.28788,-0.18592,0.0,3.8922109488402e-05,-0.00100848181405855,0.0,0.0,0.0,0.0
84,85,8,-0.23638,-0.17427,0.0,3.8922109488402e-05,-0.00100848181405855,0.0,0.0,0.0,0.0
85,86,-1,-0.047579,-0.66837,0.0,0.0,0.0,0.0,0.0,0.0,0.0
86,87,-1,-0.8009999999999999,-0.16002,0.0,0.0,0.0,0.0,0.0,0.0,0.0
87,88,9,-0.61002,-0.23747,0.0,0.0009750624154758321,0.000460368490910604,0.0,0.0,0.0,0.0
88,89,3,-0.35566,-0.39864,0.0,0.0011140816201459,0.00382515863414693,0.0,0.0,0.0,0.0
89,90,-1,-0.24600999999999998,-0.49208,0.0,0.0,0.0,0.0,0.0,0.0,0.0
90,91,-1,-0.15752,-0.5834199999999999,0.0,0.0,0.0,0.0,0.0,0.0,0.0
91,92,-1,-0.091427,-0.66297,0.0,0.0,0.0,0.0,0.0,0.0,0.0
92,93,7,-0.083212,-0.20981,0.0,-0.00093215486480201,-0.000955202586628739,0.0,0.0,0.0,0.0
93,94,7,-0.081174,-0.26098000000000005,0.0,-0.00093215486480201,-0.000955202586628739,0.0,0.0,0.0,0.0
94,95,-1,-0.080969,-0.31296999999999997,0.0,0.0,0.0,0.0,0.0,0.0,0.0
95,96,-1,-0.077891,-0.4184,0.0,0.0,0.0,0.0,0.0,0.0,0.0
96,97,-1,-0.061623000000000004,-0.5271899999999999,0.0,0.0,0.0,0.0,0.0,0.0,0.0
97,98,-1,-0.086276,-0.15913,0.0,0.0,0.0,0.0,0.0,0.0,0.0
98,99,-1,-0.029323000000000002,-0.62555,0.0,0.0,0.0,0.0,0.0,0.0,0.0
99,100,-1,-0.017903,-0.6731699999999999,0.0,0.0,0.0,0.0,0.0,0.0,0.0
100,101,-1,-0.76327,-0.17014,0.0,0.0,0.0,0.0,0.0,0.0,0.0
101,102,9,-0.6653100000000001,-0.19732,0.0,0.0009750624154758321,0.000460368490910604,0.0,0.0,0.0,0.0
102,103,9,-0.5997100000000001,-0.18782000000000001,0.0,0.0009750624154758321,0.000460368490910604,0.0,0.0,0.0,0.0
103,104,9,-0.53405,-0.19276,0.0,0.0009750624154758321,0.000460368490910604,0.0,0.0,0.0,0.0
104,105,-1,-0.47281999999999996,-0.19179000000000002,0.0,0.0,0.0,0.0,0.0,0.0,0.0
105,106,-1,-0.41158,-0.17584,0.0,0.0,0.0,0.0,0.0,0.0,0.0
106,107,8,-0.35341,-0.15458,0.0,3.8922109488402e-05,-0.00100848181405855,0.0,0.0,0.0,0.0
107,108,8,-0.29644000000000004,-0.13799,0.0,3.8922109488402e-05,-0.00100848181405855,0.0,0.0,0.0,0.0
108,109,-1,-0.24235,-0.12688,0.0,0.0,0.0,0.0,0.0,0.0,0.0
109,110,-1,-0.18995,-0.1195,0.0,0.0,0.0,0.0,0.0,0.0,0.0
110,111,-1,-0.08974,-0.10897000000000001,0.0,0.0,0.0,0.0,0.0,0.0,0.0
111,112,-1,-0.019837999999999998,-0.71941,0.0,0.0,0.0,0.0,0.0,0.0,0.0
112,113,-1,-0.8252799999999999,-0.18475999999999998,0.0,0.0,0.0,0.0,0.0,0.0,0.0
113,114,-1,-0.78158,-0.2116,0.0,0.0,0.0,0.0,0.0,0.0,0.0
114,115,-1,-0.73655,-0.23215999999999998,0.0,0.0,0.0,0.0,0.0,0.0,0.0
115,116,9,-0.68967,-0.25706999999999997,0.0,0.0009750624154758321,0.000460368490910604,0.0,0.0,0.0,0.0
116,117,9,-0.6373300000000001,-0.2889,0.0,0.0009750624154758321,0.000460368490910604,0.0,0.0,0.0,0.0
117,118,9,-0.5764600000000001,-0.32319000000000003,0.0,0.0009750624154758321,0.000460368490910604,0.0,0.0,0.0,0.0
118,119,4,-0.51453,-0.35946,0.0,-0.000854982520816025,-0.000802497154394721,0.0,0.0,0.0,0.0
119,120,4,-0.45548999999999995,-0.40452,0.0,-0.000854982520816025,-0.000802497154394721,0.0,0.0,0.0,0.0
120,121,3,-0.39653,-0.45611999999999997,0.0,0.0011140816201459,0.00382515863414693,0.0,0.0,0.0,0.0
121,122,-1,-0.33638,-0.5052300000000001,0.0,0.0,0.0,0.0,0.0,0.0,0.0
122,123,-1,-0.2778,-0.55057,0.0,0.0,0.0,0.0,0.0,0.0,0.0
123,124,-1,-0.22733000000000003,-0.59246,0.0,0.0,0.0,0.0,0.0,0.0,0.0
124,125,-1,-0.1834,-0.63129,0.0,0.0,0.0,0.0,0.0,0.0,0.0
125,126,-1,-0.14737999999999998,-0.66474,0.0,0.0,0.0,0.0,0.0,0.0,0.0
126,127,1,-0.11055,-0.69925,0.0,-4.25295022099276e-06,-0.0020501704771203,0.0,0.0,0.0,0.0
127,128,1,-0.071189,-0.73228,0.0,-4.25295022099276e-06,-0.0020501704771203,0.0,0.0,0.0,0.0
128,129,-1,-0.04097,-0.10434,0.0,0.0,0.0,0.0,0.0,0.0,0.0
129,130,7,-0.037133,-0.15464,0.0,-0.00093215486480201,-0.000955202586628739,0.0,0.0,0.0,0.0
130,131,7,-0.033622000000000006,-0.20473,0.0,-0.00093215486480201,-0.000955202586628739,0.0,0.0,0.0,0.0
131,132,7,-0.030773000000000002,-0.25624,0.0,-0.00093215486480201,-0.000955202586628739,0.0,0.0,0.0,0.0
132,133,7,-0.028419,-0.30838000000000004,0.0,-0.00093215486480201,-0.000955202586628739,0.0,0.0,0.0,0.0
133,134,-1,-0.025535,-0.36119,0.0,0.0,0.0,0.0,0.0,0.0,0.0
134,135,-1,-0.021029,-0.41573999999999994,0.0,0.0,0.0,0.0,0.0,0.0,0.0
135,136,-1,-0.016115,-0.47036000000000006,0.0,0.0,0.0,0.0,0.0,0.0,0.0
136,137,-1,-0.008234100000000001,-0.52746,0.0,0.0,0.0,0.0,0.0,0.0,0.0
137,138,-1,-0.028799,-0.7598,0.0,0.0,0.0,0.0,0.0,0.0,0.0
138,139,-1,0.00030325,-0.57634,0.0,0.0,0.0,0.0,0.0,0.0,0.0
139,140,-1,0.010297,-0.6271399999999999,0.0,0.0,0.0,0.0,0.0,0.0,0.0
140,141,-1,0.017247,-0.6785100000000001,0.0,0.0,0.0,0.0,0.0,0.0,0.0
141,142,-1,0.019275999999999998,-0.73014,0.0,0.0,0.0,0.0,0.0,0.0,0.0
142,143,-1,0.0195,-0.78466,0.0,0.0,0.0,0.0,0.0,0.0,0.0
143,144,-1,0.044014,-0.8305,0.0,0.0,0.0,0.0,0.0,0.0,0.0
144,145,11,-0.9078299999999999,-0.13053,0.0,0.0,0.0,0.0,165.698447240186,-180.861165769649,0.0
145,146,-1,-0.8597100000000001,-0.14376,0.0,0.0,0.0,0.0,0.0,0.0,0.0
146,147,-1,-0.81065,-0.12529,0.0,0.0,0.0,0.0,0.0,0.0,0.0
147,148,-1,-0.7590399999999999,-0.12420999999999999,0.0,0.0,0.0,0.0,0.0,0.0,0.0
148,149,-1,-0.7108,-0.1285,0.0,0.0,0.0,0.0,0.0,0.0,0.0
149,150,-1,-0.65837,-0.13016,0.0,0.0,0.0,0.0,0.0,0.0,0.0
150,151,-1,-0.59967,-0.12768,0.0,0.0,0.0,0.0,0.0,0.0,0.0
151,152,-1,-0.53598,-0.1227,0.0,0.0,0.0,0.0,0.0,0.0,0.0
152,153,-1,-0.47313999999999995,-0.11674000000000001,0.0,0.0,0.0,0.0,0.0,0.0,0.0
153,154,-1,-0.4123,-0.10844000000000001,0.0,0.0,0.0,0.0,0.0,0.0,0.0
154,155,-1,-0.35378000000000004,-0.097153,0.0,0.0,0.0,0.0,0.0,0.0,0.0
155,156,-1,-0.29757,-0.086077,0.0,0.0,0.0,0.0,0.0,0.0,0.0
156,157,-1,-0.24475,-0.07734500000000001,0.0,0.0,0.0,0.0,0.0,0.0,0.0
157,158,-1,-0.19311,-0.07042000000000001,0.0,0.0,0.0,0.0,0.0,0.0,0.0
158,159,-1,-0.14285,-0.064761,0.0,0.0,0.0,0.0,0.0,0.0,0.0
159,160,-1,-0.09348200000000001,-0.05941799999999999,0.0,0.0,0.0,0.0,0.0,0.0,0.0
160,161,-1,-0.044781,-0.054335,0.0,0.0,0.0,0.0,0.0,0.0,0.0
161,162,-1,-0.045808999999999996,-0.57855,0.0,0.0,0.0,0.0,0.0,0.0,0.0
162,163,-1,-0.71721,-0.18207,0.0,0.0,0.0,0.0,0.0,0.0,0.0
163,164,-1,-0.20275,-0.43508,0.0,0.0,0.0,0.0,0.0,0.0,0.0
164,165,-1,-0.071365,-0.47467,0.0,0.0,0.0,0.0,0.0,0.0,0.0
165,166,-1,-0.08143,-0.36555,0.0,0.0,0.0,0.0,0.0,0.0,0.0
166,167,-1,-0.17947000000000002,-0.31346,0.0,0.0,0.0,0.0,0.0,0.0,0.0
167,168,-1,-0.057914999999999994,-0.69814,0.0,0.0,0.0,0.0,0.0,0.0,0.0
168,169,-1,-0.20075,-0.53896,0.0,0.0,0.0,0.0,0.0,0.0,0.0
169,170,-1,-0.13266,-0.21369000000000002,0.0,0.0,0.0,0.0,0.0,0.0,0.0
170,171,8,-0.22698000000000002,-0.27352,0.0,3.8922109488402e-05,-0.00100848181405855,0.0,0.0,0.0,0.0
171,172,-1,-0.12261,-0.62287,0.0,0.0,0.0,0.0,0.0,0.0,0.0
172,173,-1,-0.13925,-0.11405,0.0,0.0,0.0,0.0,0.0,0.0,0.0
173,174,3,-0.30016,-0.44798000000000004,0.0,0.0011140816201459,0.00382515863414693,0.0,0.0,0.0,0.0
174,175,9,-0.544,-0.25874,0.0,0.0009750624154758321,0.000460368490910604,0.0,0.0,0.0,0.0
175,176,3,-0.41035,-0.34048,0.0,0.0011140816201459,0.00382515863414693,0.0,0.0,0.0,0.0
176,177,-1,-0.13757,-0.42531,0.0,0.0,0.0,0.0,0.0,0.0,0.0
177,178,-1,-0.13526,-0.16316,0.0,0.0,0.0,0.0,0.0,0.0,0.0
178,179,-1,0.06965199999999999,-0.85735,0.0,0.0,0.0,0.0,0.0,0.0,0.0
179,180,-1,0.051842,-0.86805,0.0,0.0,0.0,0.0,0.0,0.0,0.0
180,181,-1,0.0020168,-0.024825,0.0,0.0,0.0,0.0,0.0,0.0,0.0
181,182,-1,-0.024364,-0.0025242,0.0,0.0,0.0,0.0,0.0,0.0,0.0
182,183,-1,0.065587,-0.8073199999999999,0.0,0.0,0.0,0.0,0.0,0.0,0.0
183,184,-1,0.055817,-0.83142,0.0,0.0,0.0,0.0,0.0,0.0,0.0
184,185,-1,0.061523,-0.75729,0.0,0.0,0.0,0.0,0.0,0.0,0.0
185,186,-1,0.041527,-0.7834800000000001,0.0,0.0,0.0,0.0,0.0,0.0,0.0
186,187,-1,0.057458,-0.70726,0.0,0.0,0.0,0.0,0.0,0.0,0.0
187,188,-1,0.039383,-0.7312,0.0,0.0,0.0,0.0,0.0,0.0,0.0
188,189,-1,0.053392999999999996,-0.65722,0.0,0.0,0.0,0.0,0.0,0.0,0.0
189,190,-1,0.036336,-0.68037,0.0,0.0,0.0,0.0,0.0,0.0,0.0
190,191,-1,0.049329000000000005,-0.60719,0.0,0.0,0.0,0.0,0.0,0.0,0.0
191,192,-1,0.030829000000000002,-0.62967,0.0,0.0,0.0,0.0,0.0,0.0,0.0
192,193,-1,0.045196,-0.55632,0.0,0.0,0.0,0.0,0.0,0.0,0.0
193,194,-1,0.0238,-0.57926,0.0,0.0,0.0,0.0,0.0,0.0,0.0
194,195,-1,0.040787000000000004,-0.50205,0.0,0.0,0.0,0.0,0.0,0.0,0.0
195,196,-1,0.017431,-0.52896,0.0,0.0,0.0,0.0,0.0,0.0,0.0
196,197,-1,0.035813,-0.44083,0.0,0.0,0.0,0.0,0.0,0.0,0.0
197,198,-1,0.011181,-0.47198999999999997,0.0,0.0,0.0,0.0,0.0,0.0,0.0
198,199,-1,0.030849,-0.37972,0.0,0.0,0.0,0.0,0.0,0.0,0.0
199,200,-1,0.0060601000000000006,-0.41189,0.0,0.0,0.0,0.0,0.0,0.0,0.0
200,201,7,0.026452999999999997,-0.32561,0.0,-0.00093215486480201,-0.000955202586628739,0.0,0.0,0.0,0.0
201,202,-1,0.0015068,-0.3563,0.0,0.0,0.0,0.0,0.0,0.0,0.0
202,203,7,0.022325,-0.2748,0.0,-0.00093215486480201,-0.000955202586628739,0.0,0.0,0.0,0.0
203,204,7,-0.0020309,-0.30409,0.0,-0.00093215486480201,-0.000955202586628739,0.0,0.0,0.0,0.0
204,205,7,0.01826,-0.22476,0.0,-0.00093215486480201,-0.000955202586628739,0.0,0.0,0.0,0.0
205,206,7,-0.005240399999999999,-0.25301,0.0,-0.00093215486480201,-0.000955202586628739,0.0,0.0,0.0,0.0
206,207,7,0.014195,-0.17473,0.0,-0.00093215486480201,-0.000955202586628739,0.0,0.0,0.0,0.0
207,208,7,-0.0086972,-0.20224,0.0,-0.00093215486480201,-0.000955202586628739,0.0,0.0,0.0,0.0
208,209,7,0.010131,-0.1247,0.0,-0.00093215486480201,-0.000955202586628739,0.0,0.0,0.0,0.0
209,210,7,-0.012485,-0.15217999999999998,0.0,-0.00093215486480201,-0.000955202586628739,0.0,0.0,0.0,0.0
210,211,-1,0.0060659,-0.074666,0.0,0.0,0.0,0.0,0.0,0.0,0.0
211,212,-1,-0.016436000000000003,-0.10201,0.0,0.0,0.0,0.0,0.0,0.0,0.0
212,213,-1,-0.020374,-0.051993,0.0,0.0,0.0,0.0,0.0,0.0,0.0
213,214,10,-0.9824,-0.10178,0.0,0.0,0.0,0.0,119.04607313692301,121.85445885163901,0.0
214,215,10,-0.98687,-0.11861,0.0,0.0,0.0,0.0,119.04607313692301,121.85445885163901,0.0
215,216,-1,-0.07309299999999999,-0.007572700000000001,0.0,0.0,0.0,0.0,0.0,0.0,0.0
216,217,-1,-0.046755,-0.029692000000000003,0.0,0.0,0.0,0.0,0.0,0.0,0.0
217,218,-1,-0.12182,-0.012620999999999999,0.0,0.0,0.0,0.0,0.0,0.0,0.0
218,219,-1,-0.09547,-0.034758,0.0,0.0,0.0,0.0,0.0,0.0,0.0
219,220,-1,-0.17055,-0.017669999999999998,0.0,0.0,0.0,0.0,0.0,0.0,0.0
220,221,-1,-0.14452,-0.039952999999999995,0.0,0.0,0.0,0.0,0.0,0.0,0.0
221,222,-1,-0.21928000000000003,-0.022718000000000002,0.0,0.0,0.0,0.0,0.0,0.0,0.0
222,223,-1,-0.19401,-0.045307,0.0,0.0,0.0,0.0,0.0,0.0,0.0
223,224,-1,-0.26800999999999997,-0.027766000000000002,0.0,0.0,0.0,0.0,0.0,0.0,0.0
224,225,-1,-0.2442,-0.051293,0.0,0.0,0.0,0.0,0.0,0.0,0.0
225,226,-1,-0.31705,-0.032847,0.0,0.0,0.0,0.0,0.0,0.0,0.0
226,227,-1,-0.29496999999999995,-0.05818400000000001,0.0,0.0,0.0,0.0,0.0,0.0,0.0
227,228,-1,-0.37051999999999996,-0.038387,0.0,0.0,0.0,0.0,0.0,0.0,0.0
228,229,-1,-0.34775,-0.066278,0.0,0.0,0.0,0.0,0.0,0.0,0.0
229,230,-1,-0.43437,-0.045002,0.0,0.0,0.0,0.0,0.0,0.0,0.0
230,231,-1,-0.40581,-0.074907,0.0,0.0,0.0,0.0,0.0,0.0,0.0
231,232,-1,-0.5059100000000001,-0.052413,0.0,0.0,0.0,0.0,0.0,0.0,0.0
232,233,-1,-0.47129,-0.08268500000000001,0.0,0.0,0.0,0.0,0.0,0.0,0.0
233,234,-1,-0.57534,-0.05960700000000001,0.0,0.0,0.0,0.0,0.0,0.0,0.0
234,235,-1,-0.53918,-0.08944400000000001,0.0,0.0,0.0,0.0,0.0,0.0,0.0
235,236,-1,-0.63677,-0.065971,0.0,0.0,0.0,0.0,0.0,0.0,0.0
236,237,-1,-0.6039899999999999,-0.095351,0.0,0.0,0.0,0.0,0.0,0.0,0.0
237,238,-1,-0.68984,-0.07147,0.0,0.0,0.0,0.0,0.0,0.0,0.0
238,239,-1,-0.66181,-0.09954,0.0,0.0,0.0,0.0,0.0,0.0,0.0
239,240,-1,-0.7388100000000001,-0.076543,0.0,0.0,0.0,0.0,0.0,0.0,0.0
240,241,-1,-0.71263,-0.10126,0.0,0.0,0.0,0.0,0.0,0.0,0.0
241,242,-1,-0.78754,-0.081591,0.0,0.0,0.0,0.0,0.0,0.0,0.0
242,243,-1,-0.7611100000000001,-0.10164,0.0,0.0,0.0,0.0,0.0,0.0,0.0
243,244,-1,-0.8362700000000001,-0.08664,0.0,0.0,0.0,0.0,0.0,0.0,0.0
244,245,-1,-0.81128,-0.1047,0.0,0.0,0.0,0.0,0.0,0.0,0.0
245,246,-1,-0.885,-0.091688,0.0,0.0,0.0,0.0,0.0,0.0,0.0
246,247,-1,-0.8601700000000001,-0.11646,0.0,0.0,0.0,0.0,0.0,0.0,0.0
247,248,-1,-0.93373,-0.096736,0.0,0.0,0.0,0.0,0.0,0.0,0.0
248,249,-1,-0.9086,-0.11237,0.0,0.0,0.0,0.0,0.0,0.0,0.0
249,250,10,-0.9625600000000001,-0.11609000000000001,0.0,0.0,0.0,0.0,119.04607313692301,121.85445885163901,0.0
250,251,10,-0.9472,-0.14723,0.0,0.0,0.0,0.0,119.04607313692301,121.85445885163901,0.0
251,252,10,-0.9374299999999999,-0.13172999999999999,0.0,0.0,0.0,0.0,119.04607313692301,121.85445885163901,0.0
252,253,11,-0.90753,-0.17585,0.0,0.0,0.0,0.0,165.698447240186,-180.861165769649,0.0
253,254,11,-0.9176,-0.14604,0.0,0.0,0.0,0.0,165.698447240186,-180.861165769649,0.0
254,255,11,-0.8678600000000001,-0.20447,0.0,0.0,0.0,0.0,165.698447240186,-180.861165769649,0.0
255,256,11,-0.8737,-0.16696,0.0,0.0,0.0,0.0,165.698447240186,-180.861165769649,0.0
256,257,12,-0.82819,-0.2331,0.0,0.0,0.0,0.0,-17.872658905998602,154.561741898051,0.0
257,258,-1,-0.83665,-0.20177,0.0,0.0,0.0,0.0,0.0,0.0,0.0
258,259,-1,-0.78852,-0.26172,0.0,0.0,0.0,0.0,0.0,0.0,0.0
259,260,-1,-0.79497,-0.2295,0.0,0.0,0.0,0.0,0.0,0.0,0.0
260,261,-1,-0.74853,-0.29057,0.0,0.0,0.0,0.0,0.0,0.0,0.0
261,262,-1,-0.75262,-0.25409,0.0,0.0,0.0,0.0,0.0,0.0,0.0
262,263,9,-0.70501,-0.32197,0.0,0.0009750624154758321,0.000460368490910604,0.0,0.0,0.0,0.0
263,264,9,-0.70902,-0.28109,0.0,0.0009750624154758321,0.000460368490910604,0.0,0.0,0.0,0.0
264,265,9,-0.65399,-0.35879,0.0,0.0009750624154758321,0.000460368490910604,0.0,0.0,0.0,0.0
265,266,9,-0.6594899999999999,-0.31386,0.0,0.0009750624154758321,0.000460368490910604,0.0,0.0,0.0,0.0
266,267,6,-0.59467,-0.40158,0.0,1.61065557389452e-06,-0.00178967281376965,0.0,0.0,0.0,0.0
267,268,9,-0.60139,-0.35097,0.0,0.0009750624154758321,0.000460368490910604,0.0,0.0,0.0,0.0
268,269,5,-0.52991,-0.44831000000000004,0.0,-0.00134321919278622,0.00148690363102439,0.0,0.0,0.0,0.0
269,270,6,-0.53878,-0.39194,0.0,1.61065557389452e-06,-0.00178967281376965,0.0,0.0,0.0,0.0
270,271,4,-0.46366999999999997,-0.4961,0.0,-0.000854982520816025,-0.000802497154394721,0.0,0.0,0.0,0.0
271,272,4,-0.47615,-0.43836,0.0,-0.000854982520816025,-0.000802497154394721,0.0,0.0,0.0,0.0
272,273,6,-0.39792,-0.5435399999999999,0.0,1.61065557389452e-06,-0.00178967281376965,0.0,0.0,0.0,0.0
273,274,4,-0.41353999999999996,-0.48806000000000005,0.0,-0.000854982520816025,-0.000802497154394721,0.0,0.0,0.0,0.0
274,275,-1,-0.33414,-0.5895600000000001,0.0,0.0,0.0,0.0,0.0,0.0,0.0
275,276,-1,-0.35083000000000003,-0.5361600000000001,0.0,0.0,0.0,0.0,0.0,0.0,0.0
276,277,2,-0.27668000000000004,-0.63102,0.0,-0.0009484985046089741,-0.000499576119141053,0.0,0.0,0.0,0.0
277,278,-1,-0.2904,-0.5813,0.0,0.0,0.0,0.0,0.0,0.0,0.0
278,279,2,-0.2284,-0.66585,0.0,-0.0009484985046089741,-0.000499576119141053,0.0,0.0,0.0,0.0
279,280,-1,-0.23885,-0.6212300000000001,0.0,0.0,0.0,0.0,0.0,0.0,0.0
280,281,2,-0.18638,-0.69617,0.0,-0.0009484985046089741,-0.000499576119141053,0.0,0.0,0.0,0.0
281,282,-1,-0.19491,-0.6565,0.0,0.0,0.0,0.0,0.0,0.0,0.0
282,283,1,-0.14651,-0.7249399999999999,0.0,-4.25295022099276e-06,-0.0020501704771203,0.0,0.0,0.0,0.0
283,284,1,-0.15687,-0.6876800000000001,0.0,-4.25295022099276e-06,-0.0020501704771203,0.0,0.0,0.0,0.0
284,285,1,-0.10684,-0.75356,0.0,-4.25295022099276e-06,-0.0020501704771203,0.0,0.0,0.0,0.0
285,286,1,-0.11861,-0.71925,0.0,-4.25295022099276e-06,-0.0020501704771203,0.0,0.0,0.0,0.0
286,287,1,-0.067173,-0.78218,0.0,-4.25295022099276e-06,-0.0020501704771203,0.0,0.0,0.0,0.0
287,288,1,-0.079098,-0.75008,0.0,-4.25295022099276e-06,-0.0020501704771203,0.0,0.0,0.0,0.0
288,289,1,-0.027502999999999996,-0.8108,0.0,-4.25295022099276e-06,-0.0020501704771203,0.0,0.0,0.0,0.0
289,290,1,-0.038069,-0.77815,0.0,-4.25295022099276e-06,-0.0020501704771203,0.0,0.0,0.0,0.0
290,291,1,0.012166,-0.83942,0.0,-4.25295022099276e-06,-0.0020501704771203,0.0,0.0,0.0,0.0
291,292,-1,0.005915600000000001,-0.80489,0.0,0.0,0.0,0.0,0.0,0.0,0.0
292,293,-1,0.038007,-0.8421200000000001,0.0,0.0,0.0,0.0,0.0,0.0,0.0
293,294,3,-0.27558,-0.287,0.0,0.0011140816201459,0.00382515863414693,0.0,0.0,0.0,0.0
294,295,8,-0.27104,-0.24981,0.0,3.8922109488402e-05,-0.00100848181405855,0.0,0.0,0.0,0.0
295,296,8,-0.24549,-0.27221,0.0,3.8922109488402e-05,-0.00100848181405855,0.0,0.0,0.0,0.0
296,297,3,-0.26229,-0.32025,0.0,0.0011140816201459,0.00382515863414693,0.0,0.0,0.0,0.0
297,298,3,-0.30372,-0.32646,0.0,0.0011140816201459,0.00382515863414693,0.0,0.0,0.0,0.0
298,299,3,-0.30472,-0.28089000000000003,0.0,0.0011140816201459,0.00382515863414693,0.0,0.0,0.0,0.0
299,300,3,-0.21364,-0.35107,0.0,0.0011140816201459,0.00382515863414693,0.0,0.0,0.0,0.0
300,301,3,-0.25093000000000004,-0.36507,0.0,0.0011140816201459,0.00382515863414693,0.0,0.0,0.0,0.0
301,302,-1,-0.20844000000000001,-0.32544,0.0,0.0,0.0,0.0,0.0,0.0,0.0
302,303,3,-0.2322,-0.30546,0.0,0.0011140816201459,0.00382515863414693,0.0,0.0,0.0,0.0
303,304,-1,-0.16333,-0.368,0.0,0.0,0.0,0.0,0.0,0.0,0.0
304,305,3,-0.1963,-0.39991,0.0,0.0011140816201459,0.00382515863414693,0.0,0.0,0.0,0.0
305,306,-1,-0.18466,-0.33909,0.0,0.0,0.0,0.0,0.0,0.0,0.0
306,307,8,-0.30018,-0.24370999999999998,0.0,3.8922109488402e-05,-0.00100848181405855,0.0,0.0,0.0,0.0
307,308,8,-0.25353000000000003,-0.22471,0.0,3.8922109488402e-05,-0.00100848181405855,0.0,0.0,0.0,0.0
308,309,8,-0.28298,-0.20733000000000001,0.0,3.8922109488402e-05,-0.00100848181405855,0.0,0.0,0.0,0.0
309,310,-1,-0.18141,-0.24198000000000003,0.0,0.0,0.0,0.0,0.0,0.0,0.0
310,311,-1,-0.1563,-0.26538,0.0,0.0,0.0,0.0,0.0,0.0,0.0
311,312,-1,-0.18062,-0.29016,0.0,0.0,0.0,0.0,0.0,0.0,0.0
312,313,8,-0.20438,-0.27019,0.0,3.8922109488402e-05,-0.00100848181405855,0.0,0.0,0.0,0.0
313,314,3,-0.29236,-0.37128,0.0,0.0011140816201459,0.00382515863414693,0.0,0.0,0.0,0.0
314,315,3,-0.34339000000000003,-0.32122,0.0,0.0011140816201459,0.00382515863414693,0.0,0.0,0.0,0.0
315,316,3,-0.33797,-0.37423,0.0,0.0011140816201459,0.00382515863414693,0.0,0.0,0.0,0.0
316,317,3,-0.34439000000000003,-0.27565,0.0,0.0011140816201459,0.00382515863414693,0.0,0.0,0.0,0.0
317,318,8,-0.3316,-0.23263000000000003,0.0,3.8922109488402e-05,-0.00100848181405855,0.0,0.0,0.0,0.0
318,319,8,-0.20501999999999998,-0.21889,0.0,3.8922109488402e-05,-0.00100848181405855,0.0,0.0,0.0,0.0
319,320,8,-0.23268000000000003,-0.19748,0.0,3.8922109488402e-05,-0.00100848181405855,0.0,0.0,0.0,0.0
320,321,8,-0.22799,-0.24711,0.0,3.8922109488402e-05,-0.00100848181405855,0.0,0.0,0.0,0.0
321,322,-1,-0.1833,-0.1926,0.0,0.0,0.0,0.0,0.0,0.0,0.0
322,323,-1,-0.15685,-0.21539,0.0,0.0,0.0,0.0,0.0,0.0,0.0
323,324,-1,-0.14202,-0.52395,0.0,0.0,0.0,0.0,0.0,0.0,0.0
324,325,-1,-0.14498,-0.4903,0.0,0.0,0.0,0.0,0.0,0.0,0.0
325,326,-1,-0.18524000000000002,-0.46962,0.0,0.0,0.0,0.0,0.0,0.0,0.0
326,327,-1,-0.18424000000000001,-0.52156,0.0,0.0,0.0,0.0,0.0,0.0,0.0
327,328,3,-0.2336,-0.41391000000000006,0.0,0.0011140816201459,0.00382515863414693,0.0,0.0,0.0,0.0
328,329,3,-0.2823,-0.42036,0.0,0.0011140816201459,0.00382515863414693,0.0,0.0,0.0,0.0
329,330,-1,-0.11927,-0.5100899999999999,0.0,0.0,0.0,0.0,0.0,0.0,0.0
330,331,-1,-0.10226,-0.5677399999999999,0.0,0.0,0.0,0.0,0.0,0.0,0.0
331,332,-1,-0.13691,-0.56358,0.0,0.0,0.0,0.0,0.0,0.0,0.0
332,333,-1,-0.088964,-0.53546,0.0,0.0,0.0,0.0,0.0,0.0,0.0
333,334,8,-0.38199,-0.26411999999999997,0.0,3.8922109488402e-05,-0.00100848181405855,0.0,0.0,0.0,0.0
334,335,3,-0.38842,-0.31654,0.0,0.0011140816201459,0.00382515863414693,0.0,0.0,0.0,0.0
335,336,8,-0.21097,-0.17119,0.0,3.8922109488402e-05,-0.00100848181405855,0.0,0.0,0.0,0.0
336,337,-1,-0.18775,-0.1438,0.0,0.0,0.0,0.0,0.0,0.0,0.0
337,338,-1,-0.16041,-0.16563,0.0,0.0,0.0,0.0,0.0,0.0,0.0
338,339,-1,-0.077172,-0.6126699999999999,0.0,0.0,0.0,0.0,0.0,0.0,0.0
339,340,-1,-0.056859,-0.65099,0.0,0.0,0.0,0.0,0.0,0.0,0.0
340,341,-1,-0.078783,-0.6482899999999999,0.0,0.0,0.0,0.0,0.0,0.0,0.0
341,342,-1,-0.047731,-0.62958,0.0,0.0,0.0,0.0,0.0,0.0,0.0
342,343,-1,-0.13121,-0.28999,0.0,0.0,0.0,0.0,0.0,0.0,0.0
343,344,-1,-0.106,-0.26243,0.0,0.0,0.0,0.0,0.0,0.0,0.0
344,345,-1,-0.13174,-0.23879,0.0,0.0,0.0,0.0,0.0,0.0,0.0
345,346,-1,-0.13421,-0.34368000000000004,0.0,0.0,0.0,0.0,0.0,0.0,0.0
346,347,-1,-0.10628,-0.31453000000000003,0.0,0.0,0.0,0.0,0.0,0.0,0.0
347,348,-1,-0.15553,-0.31478,0.0,0.0,0.0,0.0,0.0,0.0,0.0
348,349,-1,-0.10912000000000001,-0.36841,0.0,0.0,0.0,0.0,0.0,0.0,0.0
349,350,-1,-0.13719,-0.39829000000000003,0.0,0.0,0.0,0.0,0.0,0.0,0.0
350,351,-1,-0.096802,-0.47555,0.0,0.0,0.0,0.0,0.0,0.0,0.0
351,352,-1,-0.1299,-0.45088,0.0,0.0,0.0,0.0,0.0,0.0,0.0
352,353,-1,-0.067008,-0.58514,0.0,0.0,0.0,0.0,0.0,0.0,0.0
353,354,-1,-0.10540999999999999,-0.6073,0.0,0.0,0.0,0.0,0.0,0.0,0.0
354,355,-1,-0.43312,-0.25772,0.0,0.0,0.0,0.0,0.0,0.0,0.0
355,356,-1,-0.47078000000000003,-0.2358,0.0,0.0,0.0,0.0,0.0,0.0,0.0
356,357,4,-0.49163999999999997,-0.31964000000000004,0.0,-0.000854982520816025,-0.000802497154394721,0.0,0.0,0.0,0.0
357,358,9,-0.50638,-0.26928,0.0,0.0009750624154758321,0.000460368490910604,0.0,0.0,0.0,0.0
358,359,4,-0.43955,-0.31015,0.0,-0.000854982520816025,-0.000802497154394721,0.0,0.0,0.0,0.0
359,360,8,-0.3692,-0.22111,0.0,3.8922109488402e-05,-0.00100848181405855,0.0,0.0,0.0,0.0
360,361,8,-0.40453,-0.20573000000000002,0.0,3.8922109488402e-05,-0.00100848181405855,0.0,0.0,0.0,0.0
361,362,8,-0.3144,-0.19625,0.0,3.8922109488402e-05,-0.00100848181405855,0.0,0.0,0.0,0.0
362,363,8,-0.34717,-0.18058,0.0,3.8922109488402e-05,-0.00100848181405855,0.0,0.0,0.0,0.0
363,364,8,-0.26213000000000003,-0.1801,0.0,3.8922109488402e-05,-0.00100848181405855,0.0,0.0,0.0,0.0
364,365,8,-0.29216,-0.16195,0.0,3.8922109488402e-05,-0.00100848181405855,0.0,0.0,0.0,0.0
365,366,8,-0.23936,-0.15058,0.0,3.8922109488402e-05,-0.00100848181405855,0.0,0.0,0.0,0.0
366,367,-1,-0.032741,-0.67077,0.0,0.0,0.0,0.0,0.0,0.0,0.0
367,368,-1,-0.052747,-0.68325,0.0,0.0,0.0,0.0,0.0,0.0,0.0
368,369,-1,-0.78213,-0.16508,0.0,0.0,0.0,0.0,0.0,0.0,0.0
369,370,-1,-0.81314,-0.17239000000000002,0.0,0.0,0.0,0.0,0.0,0.0,0.0
370,371,-1,-0.80583,-0.14265999999999998,0.0,0.0,0.0,0.0,0.0,0.0,0.0
371,372,9,-0.63767,-0.21739,0.0,0.0009750624154758321,0.000460368490910604,0.0,0.0,0.0,0.0
372,373,9,-0.60487,-0.21265,0.0,0.0009750624154758321,0.000460368490910604,0.0,0.0,0.0,0.0
373,374,9,-0.62367,-0.26318,0.0,0.0009750624154758321,0.000460368490910604,0.0,0.0,0.0,0.0
374,375,9,-0.57701,-0.2481,0.0,0.0009750624154758321,0.000460368490910604,0.0,0.0,0.0,0.0
375,376,3,-0.37609000000000004,-0.42738000000000004,0.0,0.0011140816201459,0.00382515863414693,0.0,0.0,0.0,0.0
376,377,3,-0.32791,-0.42331,0.0,0.0011140816201459,0.00382515863414693,0.0,0.0,0.0,0.0
377,378,3,-0.38299999999999995,-0.36956,0.0,0.0011140816201459,0.00382515863414693,0.0,0.0,0.0,0.0
378,379,-1,-0.26191,-0.52132,0.0,0.0,0.0,0.0,0.0,0.0,0.0
379,380,-1,-0.22438000000000002,-0.46358,0.0,0.0,0.0,0.0,0.0,0.0,0.0
380,381,-1,-0.22338000000000002,-0.51552,0.0,0.0,0.0,0.0,0.0,0.0,0.0
381,382,3,-0.27308000000000004,-0.47003,0.0,0.0011140816201459,0.00382515863414693,0.0,0.0,0.0,0.0
382,383,-1,-0.17046,-0.60736,0.0,0.0,0.0,0.0,0.0,0.0,0.0
383,384,-1,-0.17914000000000002,-0.56119,0.0,0.0,0.0,0.0,0.0,0.0,0.0
384,385,-1,-0.14007,-0.60314,0.0,0.0,0.0,0.0,0.0,0.0,0.0
385,386,-1,-0.10099,-0.68111,0.0,0.0,0.0,0.0,0.0,0.0,0.0
386,387,-1,-0.074671,-0.68055,0.0,0.0,0.0,0.0,0.0,0.0,0.0
387,388,-1,-0.10702,-0.6429199999999999,0.0,0.0,0.0,0.0,0.0,0.0,0.0
388,389,7,-0.08219299999999999,-0.23539000000000002,0.0,-0.00093215486480201,-0.000955202586628739,0.0,0.0,0.0,0.0
389,390,-1,-0.084744,-0.18447,0.0,0.0,0.0,0.0,0.0,0.0,0.0
390,391,7,-0.058417,-0.20726999999999998,0.0,-0.00093215486480201,-0.000955202586628739,0.0,0.0,0.0,0.0
391,392,-1,-0.10793,-0.21175,0.0,0.0,0.0,0.0,0.0,0.0,0.0
392,393,-1,-0.081072,-0.28697,0.0,0.0,0.0,0.0,0.0,0.0,0.0
393,394,7,-0.055973,-0.25861,0.0,-0.00093215486480201,-0.000955202586628739,0.0,0.0,0.0,0.0
394,395,7,-0.054694000000000007,-0.31067,0.0,-0.00093215486480201,-0.000955202586628739,0.0,0.0,0.0,0.0
395,396,-1,-0.08119900000000001,-0.33926,0.0,0.0,0.0,0.0,0.0,0.0,0.0
396,397,-1,-0.049460000000000004,-0.41707,0.0,0.0,0.0,0.0,0.0,0.0,0.0
397,398,-1,-0.074628,-0.44653000000000004,0.0,0.0,0.0,0.0,0.0,0.0,0.0
398,399,-1,-0.07966000000000001,-0.39197,0.0,0.0,0.0,0.0,0.0,0.0,0.0
399,400,-1,-0.10772999999999999,-0.42186,0.0,0.0,0.0,0.0,0.0,0.0,0.0
400,401,-1,-0.034928,-0.52732,0.0,0.0,0.0,0.0,0.0,0.0,0.0
401,402,-1,-0.053716,-0.55287,0.0,0.0,0.0,0.0,0.0,0.0,0.0
402,403,-1,-0.06649400000000001,-0.50093,0.0,0.0,0.0,0.0,0.0,0.0,0.0
403,404,-1,-0.088008,-0.13405,0.0,0.0,0.0,0.0,0.0,0.0,0.0
404,405,7,-0.061704999999999996,-0.15689,0.0,-0.00093215486480201,-0.000955202586628739,0.0,0.0,0.0,0.0
405,406,-1,-0.11077000000000001,-0.16114,0.0,0.0,0.0,0.0,0.0,0.0,0.0
406,407,-1,-0.023613,-0.64936,0.0,0.0,0.0,0.0,0.0,0.0,0.0
407,408,-1,-0.009513299999999999,-0.62634,0.0,0.0,0.0,0.0,0.0,0.0,0.0
408,409,-1,-0.037566,-0.60205,0.0,0.0,0.0,0.0,0.0,0.0,0.0
409,410,-1,-0.018871000000000002,-0.69629,0.0,0.0,0.0,0.0,0.0,0.0,0.0
410,411,-1,-0.00032829,-0.67584,0.0,0.0,0.0,0.0,0.0,0.0,0.0
411,412,-1,-0.77242,-0.19087,0.0,0.0,0.0,0.0,0.0,0.0,0.0
412,413,-1,-0.76115,-0.14717,0.0,0.0,0.0,0.0,0.0,0.0,0.0
413,414,-1,-0.74024,-0.1761,0.0,0.0,0.0,0.0,0.0,0.0,0.0
414,415,9,-0.63251,-0.19257,0.0,0.0009750624154758321,0.000460368490910604,0.0,0.0,0.0,0.0
415,416,9,-0.6774899999999999,-0.22719,0.0,0.0009750624154758321,0.000460368490910604,0.0,0.0,0.0,0.0
416,417,-1,-0.66184,-0.16374,0.0,0.0,0.0,0.0,0.0,0.0,0.0
417,418,9,-0.69126,-0.1897,0.0,0.0009750624154758321,0.000460368490910604,0.0,0.0,0.0,0.0
418,419,9,-0.56688,-0.19029000000000001,0.0,0.0009750624154758321,0.000460368490910604,0.0,0.0,0.0,0.0
419,420,9,-0.59969,-0.15775,0.0,0.0009750624154758321,0.000460368490910604,0.0,0.0,0.0,0.0
420,421,-1,-0.50343,-0.19227,0.0,0.0,0.0,0.0,0.0,0.0,0.0
421,422,-1,-0.53501,-0.15773,0.0,0.0,0.0,0.0,0.0,0.0,0.0
422,423,9,-0.53903,-0.22575,0.0,0.0009750624154758321,0.000460368490910604,0.0,0.0,0.0,0.0
423,424,-1,-0.4422,-0.18381,0.0,0.0,0.0,0.0,0.0,0.0,0.0
424,425,-1,-0.47298,-0.15425999999999998,0.0,0.0,0.0,0.0,0.0,0.0,0.0
425,426,8,-0.3825,-0.16521,0.0,3.8922109488402e-05,-0.00100848181405855,0.0,0.0,0.0,0.0
426,427,-1,-0.41194,-0.14214000000000002,0.0,0.0,0.0,0.0,0.0,0.0,0.0
427,428,8,-0.32493,-0.14628,0.0,3.8922109488402e-05,-0.00100848181405855,0.0,0.0,0.0,0.0
428,429,-1,-0.35359,-0.12587,0.0,0.0,0.0,0.0,0.0,0.0,0.0
429,430,8,-0.2694,-0.13244,0.0,3.8922109488402e-05,-0.00100848181405855,0.0,0.0,0.0,0.0
430,431,-1,-0.29701,-0.11202999999999999,0.0,0.0,0.0,0.0,0.0,0.0,0.0
431,432,-1,-0.21615,-0.12319000000000001,0.0,0.0,0.0,0.0,0.0,0.0,0.0
432,433,-1,-0.24355,-0.10211,0.0,0.0,0.0,0.0,0.0,0.0,0.0
433,434,-1,-0.19153,-0.094959,0.0,0.0,0.0,0.0,0.0,0.0,0.0
434,435,-1,-0.1646,-0.11677,0.0,0.0,0.0,0.0,0.0,0.0,0.0
435,436,-1,-0.065355,-0.10665999999999999,0.0,0.0,0.0,0.0,0.0,0.0,0.0
436,437,-1,-0.091611,-0.084195,0.0,0.0,0.0,0.0,0.0,0.0,0.0
437,438,-1,-0.1145,-0.11150999999999998,0.0,0.0,0.0,0.0,0.0,0.0,0.0
438,439,-1,-0.024319,-0.73961,0.0,0.0,0.0,0.0,0.0,0.0,0.0
439,440,-1,-0.00028103,-0.72477,0.0,0.0,0.0,0.0,0.0,0.0,0.0
440,441,-1,-0.038876999999999995,-0.70878,0.0,0.0,0.0,0.0,0.0,0.0,0.0
441,442,-1,-0.80343,-0.19818,0.0,0.0,0.0,0.0,0.0,0.0,0.0
442,443,-1,-0.8425,-0.16426,0.0,0.0,0.0,0.0,0.0,0.0,0.0
443,444,-1,-0.75907,-0.22188000000000002,0.0,0.0,0.0,0.0,0.0,0.0,0.0
444,445,9,-0.71311,-0.24461,0.0,0.0009750624154758321,0.000460368490910604,0.0,0.0,0.0,0.0
445,446,-1,-0.72688,-0.20711999999999997,0.0,0.0,0.0,0.0,0.0,0.0,0.0
446,447,9,-0.6635,-0.27299,0.0,0.0009750624154758321,0.000460368490910604,0.0,0.0,0.0,0.0
447,448,9,-0.6068899999999999,-0.30605,0.0,0.0009750624154758321,0.000460368490910604,0.0,0.0,0.0,0.0
448,449,9,-0.5454899999999999,-0.34133,0.0,0.0009750624154758321,0.000460368490910604,0.0,0.0,0.0,0.0
449,450,9,-0.56023,-0.29096,0.0,0.0009750624154758321,0.000460368490910604,0.0,0.0,0.0,0.0
450,451,4,-0.48501000000000005,-0.38199,0.0,-0.000854982520816025,-0.000802497154394721,0.0,0.0,0.0,0.0
451,452,4,-0.42601000000000006,-0.43032,0.0,-0.000854982520816025,-0.000802497154394721,0.0,0.0,0.0,0.0
452,453,3,-0.43291999999999997,-0.3725,0.0,0.0011140816201459,0.00382515863414693,0.0,0.0,0.0,0.0
453,454,3,-0.36645,-0.48067,0.0,0.0011140816201459,0.00382515863414693,0.0,0.0,0.0,0.0
454,455,-1,-0.30709000000000003,-0.5279,0.0,0.0,0.0,0.0,0.0,0.0,0.0
455,456,3,-0.31827,-0.4766,0.0,0.0011140816201459,0.00382515863414693,0.0,0.0,0.0,0.0
456,457,-1,-0.25256999999999996,-0.5715100000000001,0.0,0.0,0.0,0.0,0.0,0.0,0.0
457,458,-1,-0.20536,-0.61188,0.0,0.0,0.0,0.0,0.0,0.0,0.0
458,459,-1,-0.21404,-0.56571,0.0,0.0,0.0,0.0,0.0,0.0,0.0
459,460,-1,-0.16539,-0.6480100000000001,0.0,0.0,0.0,0.0,0.0,0.0,0.0
460,461,-1,-0.12897,-0.68199,0.0,0.0,0.0,0.0,0.0,0.0,0.0
461,462,-1,-0.135,-0.6438,0.0,0.0,0.0,0.0,0.0,0.0,0.0
462,463,1,-0.09086699999999999,-0.71577,0.0,-4.25295022099276e-06,-0.0020501704771203,0.0,0.0,0.0,0.0
463,464,1,-0.049994,-0.7460399999999999,0.0,-4.25295022099276e-06,-0.0020501704771203,0.0,0.0,0.0,0.0
464,465,-1,-0.064552,-0.71521,0.0,0.0,0.0,0.0,0.0,0.0,0.0
465,466,-1,-0.039051999999999996,-0.12949000000000002,0.0,0.0,0.0,0.0,0.0,0.0,0.0
466,467,-1,-0.042875,-0.07934,0.0,0.0,0.0,0.0,0.0,0.0,0.0
467,468,7,-0.035378,-0.17968,0.0,-0.00093215486480201,-0.000955202586628739,0.0,0.0,0.0,0.0
468,469,7,-0.032197,-0.23048000000000002,0.0,-0.00093215486480201,-0.000955202586628739,0.0,0.0,0.0,0.0
469,470,7,-0.029595999999999997,-0.28231,0.0,-0.00093215486480201,-0.000955202586628739,0.0,0.0,0.0,0.0
470,471,7,-0.026976999999999998,-0.33479000000000003,0.0,-0.00093215486480201,-0.000955202586628739,0.0,0.0,0.0,0.0
471,472,-1,-0.023282,-0.38847,0.0,0.0,0.0,0.0,0.0,0.0,0.0
472,473,-1,-0.053482,-0.36336999999999997,0.0,0.0,0.0,0.0,0.0,0.0,0.0
473,474,-1,-0.018571999999999998,-0.44305,0.0,0.0,0.0,0.0,0.0,0.0,0.0
474,475,-1,-0.012175,-0.49891,0.0,0.0,0.0,0.0,0.0,0.0,0.0
475,476,-1,-0.04374,-0.47251000000000004,0.0,0.0,0.0,0.0,0.0,0.0,0.0
476,477,-1,-0.0039654,-0.5519,0.0,0.0,0.0,0.0,0.0,0.0,0.0
477,478,-1,-0.0046497,-0.77223,0.0,0.0,0.0,0.0,0.0,0.0,0.0
478,479,-1,0.0053,-0.6017399999999999,0.0,0.0,0.0,0.0,0.0,0.0,0.0
479,480,-1,-0.022753,-0.57744,0.0,0.0,0.0,0.0,0.0,0.0,0.0
480,481,-1,0.013772,-0.65282,0.0,0.0,0.0,0.0,0.0,0.0,0.0
481,482,-1,0.018261000000000003,-0.70432,0.0,0.0,0.0,0.0,0.0,0.0,0.0
482,483,-1,0.019388,-0.7574,0.0,0.0,0.0,0.0,0.0,0.0,0.0
483,484,-1,0.031757,-0.80758,0.0,0.0,0.0,0.0,0.0,0.0,0.0
484,485,-1,-0.8837700000000001,-0.13715,0.0,0.0,0.0,0.0,0.0,0.0,0.0
485,486,-1,-0.8351799999999999,-0.13452999999999998,0.0,0.0,0.0,0.0,0.0,0.0,0.0
486,487,-1,-0.78485,-0.12475,0.0,0.0,0.0,0.0,0.0,0.0,0.0
487,488,-1,-0.73492,-0.12635,0.0,0.0,0.0,0.0,0.0,0.0,0.0
488,489,-1,-0.6845899999999999,-0.12933,0.0,0.0,0.0,0.0,0.0,0.0,0.0
489,490,-1,-0.71401,-0.15528,0.0,0.0,0.0,0.0,0.0,0.0,0.0
490,491,-1,-0.62902,-0.12892,0.0,0.0,0.0,0.0,0.0,0.0,0.0
491,492,-1,-0.56782,-0.12519,0.0,0.0,0.0,0.0,0.0,0.0,0.0
492,493,-1,-0.50456,-0.11972000000000001,0.0,0.0,0.0,0.0,0.0,0.0,0.0
493,494,-1,-0.44272,-0.11259000000000001,0.0,0.0,0.0,0.0,0.0,0.0,0.0
494,495,-1,-0.38304,-0.1028,0.0,0.0,0.0,0.0,0.0,0.0,0.0
495,496,-1,-0.32568,-0.091615,0.0,0.0,0.0,0.0,0.0,0.0,0.0
496,497,-1,-0.27116,-0.081711,0.0,0.0,0.0,0.0,0.0,0.0,0.0
497,498,-1,-0.21893,-0.073882,0.0,0.0,0.0,0.0,0.0,0.0,0.0
498,499,-1,-0.16798,-0.067591,0.0,0.0,0.0,0.0,0.0,0.0,0.0
499,500,-1,-0.11817000000000001,-0.06209,0.0,0.0,0.0,0.0,0.0,0.0,0.0
500,501,-1,-0.14105,-0.089405,0.0,0.0,0.0,0.0,0.0,0.0,0.0
501,502,-1,-0.069132,-0.056877,0.0,0.0,0.0,0.0,0.0,0.0,0.0
502,503,-1,-0.17015999999999998,-0.4302,0.0,0.0,0.0,0.0,0.0,0.0,0.0
503,504,-1,-0.13396,-0.18842,0.0,0.0,0.0,0.0,0.0,0.0,0.0
504,505,-1,-0.13726,-0.1386,0.0,0.0,0.0,0.0,0.0,0.0,0.0
